id;type;title
1;article;Mentions légales
2;article;Données personnelles
3;article;CGU
4;article;Accessibilité
5;article;Plan du site
6;article;Appels d'offres publics
7;article;Arrêtés de délégations
8;article;Arrêtés d'organisation
9;article;Confiance numérique
10;article;Politique de vote
11;article;Programme d'investissement d'avenir
12;article;Archives et patrimoine
13;article;Compte personnel de formation
14;article;Ciclade
15;article;Nous contacter
16;article;Médiation
17;article;Médiation de la consommation
18;article;Carte d'identité
19;page;Avec vous au quotidien
20;article;Manifeste
21;article;Attractivité des territoires
22;article;Cohésion sociale
23;article;Développement économique
24;article;Climat et environnement
25;article;XXX
26;article;XXX
27;article;Modèle
28;article;Commission de surveillance
29;article;Comex
30;article;Organigramme
31;article;Arrêtés d'organisation
32;article;Arrêtés de délégation de pouvoirs
33;article;Arrêtés de délégation de signature
34;article;Autres arrêtés
35;page;A suivre
36;article;Nos autres sites
37;page;Candidat
38;page;Presse
39;page;Investisseurs
40;page;Mécénat
41;accueil;Groupe Caisse des Dépôts
